{
  "type": "list",
  "attributes": {},
  "value": [
    {
      "type": "list",
      "attributes": {
        "names": {
          "type": "character",
          "attributes": {},
          "value": ["name", "version", "src", "meta", "script", "stylesheet", "head", "attachment", "package", "all_files"]
        },
        "class": {
          "type": "character",
          "attributes": {},
          "value": ["html_dependency"]
        }
      },
      "value": [
        {
          "type": "character",
          "attributes": {},
          "value": ["header-attrs"]
        },
        {
          "type": "character",
          "attributes": {},
          "value": ["2.25"]
        },
        {
          "type": "list",
          "attributes": {
            "names": {
              "type": "character",
              "attributes": {},
              "value": ["file"]
            }
          },
          "value": [
            {
              "type": "character",
              "attributes": {},
              "value": ["C:/Users/kokit/AppData/Local/R/win-library/4.3/rmarkdown/rmd/h/pandoc"]
            }
          ]
        },
        {
          "type": "NULL"
        },
        {
          "type": "character",
          "attributes": {},
          "value": ["header-attrs.js"]
        },
        {
          "type": "NULL"
        },
        {
          "type": "NULL"
        },
        {
          "type": "NULL"
        },
        {
          "type": "NULL"
        },
        {
          "type": "logical",
          "attributes": {},
          "value": [true]
        }
      ]
    },
    {
      "type": "list",
      "attributes": {
        "names": {
          "type": "character",
          "attributes": {},
          "value": ["name", "version", "src", "meta", "script", "stylesheet", "head", "attachment", "package", "all_files"]
        },
        "class": {
          "type": "character",
          "attributes": {},
          "value": ["html_dependency"]
        }
      },
      "value": [
        {
          "type": "character",
          "attributes": {},
          "value": ["jquery"]
        },
        {
          "type": "character",
          "attributes": {},
          "value": ["3.6.0"]
        },
        {
          "type": "list",
          "attributes": {
            "names": {
              "type": "character",
              "attributes": {},
              "value": ["file"]
            }
          },
          "value": [
            {
              "type": "character",
              "attributes": {},
              "value": ["lib/3.6.0"]
            }
          ]
        },
        {
          "type": "NULL"
        },
        {
          "type": "character",
          "attributes": {},
          "value": ["jquery-3.6.0.min.js"]
        },
        {
          "type": "NULL"
        },
        {
          "type": "NULL"
        },
        {
          "type": "NULL"
        },
        {
          "type": "character",
          "attributes": {},
          "value": ["jquerylib"]
        },
        {
          "type": "logical",
          "attributes": {},
          "value": [true]
        }
      ]
    },
    {
      "type": "list",
      "attributes": {
        "names": {
          "type": "character",
          "attributes": {},
          "value": ["name", "version", "src", "meta", "script", "stylesheet", "head", "attachment", "package", "all_files"]
        },
        "class": {
          "type": "character",
          "attributes": {},
          "value": ["html_dependency"]
        }
      },
      "value": [
        {
          "type": "character",
          "attributes": {},
          "value": ["bootstrap"]
        },
        {
          "type": "character",
          "attributes": {},
          "value": ["3.3.5"]
        },
        {
          "type": "list",
          "attributes": {
            "names": {
              "type": "character",
              "attributes": {},
              "value": ["file"]
            }
          },
          "value": [
            {
              "type": "character",
              "attributes": {},
              "value": ["C:/Users/kokit/AppData/Local/R/win-library/4.3/rmarkdown/rmd/h/bootstrap"]
            }
          ]
        },
        {
          "type": "list",
          "attributes": {
            "names": {
              "type": "character",
              "attributes": {},
              "value": ["viewport"]
            }
          },
          "value": [
            {
              "type": "character",
              "attributes": {},
              "value": ["width=device-width, initial-scale=1"]
            }
          ]
        },
        {
          "type": "character",
          "attributes": {},
          "value": ["js/bootstrap.min.js", "shim/html5shiv.min.js", "shim/respond.min.js"]
        },
        {
          "type": "character",
          "attributes": {},
          "value": ["css/bootstrap.min.css"]
        },
        {
          "type": "character",
          "attributes": {},
          "value": ["<style>h1 {font-size: 34px;}\n       h1.title {font-size: 38px;}\n       h2 {font-size: 30px;}\n       h3 {font-size: 24px;}\n       h4 {font-size: 18px;}\n       h5 {font-size: 16px;}\n       h6 {font-size: 12px;}\n       code {color: inherit; background-color: rgba(0, 0, 0, 0.04);}\n       pre:not([class]) { background-color: white }<\/style>"]
        },
        {
          "type": "NULL"
        },
        {
          "type": "NULL"
        },
        {
          "type": "logical",
          "attributes": {},
          "value": [true]
        }
      ]
    },
    {
      "type": "list",
      "attributes": {
        "names": {
          "type": "character",
          "attributes": {},
          "value": ["name", "version", "src", "meta", "script", "stylesheet", "head", "attachment", "package", "all_files"]
        },
        "class": {
          "type": "character",
          "attributes": {},
          "value": ["html_dependency"]
        }
      },
      "value": [
        {
          "type": "character",
          "attributes": {},
          "value": ["jquery"]
        },
        {
          "type": "character",
          "attributes": {},
          "value": ["3.6.0"]
        },
        {
          "type": "list",
          "attributes": {
            "names": {
              "type": "character",
              "attributes": {},
              "value": ["file"]
            }
          },
          "value": [
            {
              "type": "character",
              "attributes": {},
              "value": ["lib/3.6.0"]
            }
          ]
        },
        {
          "type": "NULL"
        },
        {
          "type": "character",
          "attributes": {},
          "value": ["jquery-3.6.0.min.js"]
        },
        {
          "type": "NULL"
        },
        {
          "type": "NULL"
        },
        {
          "type": "NULL"
        },
        {
          "type": "character",
          "attributes": {},
          "value": ["jquerylib"]
        },
        {
          "type": "logical",
          "attributes": {},
          "value": [true]
        }
      ]
    },
    {
      "type": "list",
      "attributes": {
        "names": {
          "type": "character",
          "attributes": {},
          "value": ["name", "version", "src", "meta", "script", "stylesheet", "head", "attachment", "package", "all_files"]
        },
        "class": {
          "type": "character",
          "attributes": {},
          "value": ["html_dependency"]
        }
      },
      "value": [
        {
          "type": "character",
          "attributes": {},
          "value": ["navigation"]
        },
        {
          "type": "character",
          "attributes": {},
          "value": ["1.1"]
        },
        {
          "type": "list",
          "attributes": {
            "names": {
              "type": "character",
              "attributes": {},
              "value": ["file"]
            }
          },
          "value": [
            {
              "type": "character",
              "attributes": {},
              "value": ["C:/Users/kokit/AppData/Local/R/win-library/4.3/rmarkdown/rmd/h/navigation-1.1"]
            }
          ]
        },
        {
          "type": "NULL"
        },
        {
          "type": "character",
          "attributes": {},
          "value": ["tabsets.js"]
        },
        {
          "type": "NULL"
        },
        {
          "type": "NULL"
        },
        {
          "type": "NULL"
        },
        {
          "type": "NULL"
        },
        {
          "type": "logical",
          "attributes": {},
          "value": [true]
        }
      ]
    },
    {
      "type": "list",
      "attributes": {
        "names": {
          "type": "character",
          "attributes": {},
          "value": ["name", "version", "src", "meta", "script", "stylesheet", "head", "attachment", "package", "all_files"]
        },
        "class": {
          "type": "character",
          "attributes": {},
          "value": ["html_dependency"]
        }
      },
      "value": [
        {
          "type": "character",
          "attributes": {},
          "value": ["highlightjs"]
        },
        {
          "type": "character",
          "attributes": {},
          "value": ["9.12.0"]
        },
        {
          "type": "list",
          "attributes": {
            "names": {
              "type": "character",
              "attributes": {},
              "value": ["file"]
            }
          },
          "value": [
            {
              "type": "character",
              "attributes": {},
              "value": ["C:/Users/kokit/AppData/Local/R/win-library/4.3/rmarkdown/rmd/h/highlightjs"]
            }
          ]
        },
        {
          "type": "NULL"
        },
        {
          "type": "character",
          "attributes": {},
          "value": ["highlight.js"]
        },
        {
          "type": "character",
          "attributes": {},
          "value": ["default.css"]
        },
        {
          "type": "NULL"
        },
        {
          "type": "NULL"
        },
        {
          "type": "NULL"
        },
        {
          "type": "logical",
          "attributes": {},
          "value": [true]
        }
      ]
    },
    {
      "type": "list",
      "attributes": {
        "names": {
          "type": "character",
          "attributes": {},
          "value": ["name", "version", "src", "meta", "script", "stylesheet", "head", "attachment", "package", "all_files"]
        },
        "class": {
          "type": "character",
          "attributes": {},
          "value": ["html_dependency"]
        }
      },
      "value": [
        {
          "type": "character",
          "attributes": {},
          "value": ["htmlwidgets"]
        },
        {
          "type": "character",
          "attributes": {},
          "value": ["1.6.4"]
        },
        {
          "type": "list",
          "attributes": {
            "names": {
              "type": "character",
              "attributes": {},
              "value": ["file"]
            }
          },
          "value": [
            {
              "type": "character",
              "attributes": {},
              "value": ["www"]
            }
          ]
        },
        {
          "type": "NULL"
        },
        {
          "type": "character",
          "attributes": {},
          "value": ["htmlwidgets.js"]
        },
        {
          "type": "NULL"
        },
        {
          "type": "NULL"
        },
        {
          "type": "NULL"
        },
        {
          "type": "character",
          "attributes": {},
          "value": ["htmlwidgets"]
        },
        {
          "type": "logical",
          "attributes": {},
          "value": [true]
        }
      ]
    },
    {
      "type": "list",
      "attributes": {
        "names": {
          "type": "character",
          "attributes": {},
          "value": ["name", "version", "src", "meta", "script", "stylesheet", "head", "attachment", "package", "all_files"]
        },
        "class": {
          "type": "character",
          "attributes": {},
          "value": ["html_dependency"]
        }
      },
      "value": [
        {
          "type": "character",
          "attributes": {},
          "value": ["plotly-binding"]
        },
        {
          "type": "character",
          "attributes": {},
          "value": ["4.10.4"]
        },
        {
          "type": "list",
          "attributes": {
            "names": {
              "type": "character",
              "attributes": {},
              "value": ["file"]
            }
          },
          "value": [
            {
              "type": "character",
              "attributes": {},
              "value": ["htmlwidgets"]
            }
          ]
        },
        {
          "type": "NULL"
        },
        {
          "type": "character",
          "attributes": {},
          "value": ["plotly.js"]
        },
        {
          "type": "NULL"
        },
        {
          "type": "NULL"
        },
        {
          "type": "NULL"
        },
        {
          "type": "character",
          "attributes": {},
          "value": ["plotly"]
        },
        {
          "type": "logical",
          "attributes": {},
          "value": [false]
        }
      ]
    },
    {
      "type": "list",
      "attributes": {
        "names": {
          "type": "character",
          "attributes": {},
          "value": ["name", "version", "src", "meta", "script", "stylesheet", "head", "attachment", "package", "all_files"]
        },
        "class": {
          "type": "character",
          "attributes": {},
          "value": ["html_dependency"]
        }
      },
      "value": [
        {
          "type": "character",
          "attributes": {},
          "value": ["typedarray"]
        },
        {
          "type": "character",
          "attributes": {},
          "value": ["0.1"]
        },
        {
          "type": "list",
          "attributes": {
            "names": {
              "type": "character",
              "attributes": {},
              "value": ["file"]
            }
          },
          "value": [
            {
              "type": "character",
              "attributes": {},
              "value": ["htmlwidgets/lib/typedarray"]
            }
          ]
        },
        {
          "type": "NULL"
        },
        {
          "type": "character",
          "attributes": {},
          "value": ["typedarray.min.js"]
        },
        {
          "type": "NULL"
        },
        {
          "type": "NULL"
        },
        {
          "type": "NULL"
        },
        {
          "type": "character",
          "attributes": {},
          "value": ["plotly"]
        },
        {
          "type": "logical",
          "attributes": {},
          "value": [false]
        }
      ]
    },
    {
      "type": "list",
      "attributes": {
        "names": {
          "type": "character",
          "attributes": {},
          "value": ["name", "version", "src", "meta", "script", "stylesheet", "head", "attachment", "package", "all_files"]
        },
        "class": {
          "type": "character",
          "attributes": {},
          "value": ["html_dependency"]
        }
      },
      "value": [
        {
          "type": "character",
          "attributes": {},
          "value": ["jquery"]
        },
        {
          "type": "character",
          "attributes": {},
          "value": ["3.5.1"]
        },
        {
          "type": "list",
          "attributes": {
            "names": {
              "type": "character",
              "attributes": {},
              "value": ["file"]
            }
          },
          "value": [
            {
              "type": "character",
              "attributes": {},
              "value": ["lib/jquery"]
            }
          ]
        },
        {
          "type": "NULL"
        },
        {
          "type": "character",
          "attributes": {},
          "value": ["jquery.min.js"]
        },
        {
          "type": "NULL"
        },
        {
          "type": "NULL"
        },
        {
          "type": "NULL"
        },
        {
          "type": "character",
          "attributes": {},
          "value": ["crosstalk"]
        },
        {
          "type": "logical",
          "attributes": {},
          "value": [true]
        }
      ]
    },
    {
      "type": "list",
      "attributes": {
        "names": {
          "type": "character",
          "attributes": {},
          "value": ["name", "version", "src", "meta", "script", "stylesheet", "head", "attachment", "package", "all_files"]
        },
        "class": {
          "type": "character",
          "attributes": {},
          "value": ["html_dependency"]
        }
      },
      "value": [
        {
          "type": "character",
          "attributes": {},
          "value": ["crosstalk"]
        },
        {
          "type": "character",
          "attributes": {},
          "value": ["1.2.1"]
        },
        {
          "type": "list",
          "attributes": {
            "names": {
              "type": "character",
              "attributes": {},
              "value": ["file"]
            }
          },
          "value": [
            {
              "type": "character",
              "attributes": {},
              "value": ["www"]
            }
          ]
        },
        {
          "type": "NULL"
        },
        {
          "type": "character",
          "attributes": {},
          "value": ["js/crosstalk.min.js"]
        },
        {
          "type": "character",
          "attributes": {},
          "value": ["css/crosstalk.min.css"]
        },
        {
          "type": "NULL"
        },
        {
          "type": "NULL"
        },
        {
          "type": "character",
          "attributes": {},
          "value": ["crosstalk"]
        },
        {
          "type": "logical",
          "attributes": {},
          "value": [true]
        }
      ]
    },
    {
      "type": "list",
      "attributes": {
        "names": {
          "type": "character",
          "attributes": {},
          "value": ["name", "version", "src", "meta", "script", "stylesheet", "head", "attachment", "package", "all_files"]
        },
        "class": {
          "type": "character",
          "attributes": {},
          "value": ["html_dependency"]
        }
      },
      "value": [
        {
          "type": "character",
          "attributes": {},
          "value": ["plotly-htmlwidgets-css"]
        },
        {
          "type": "character",
          "attributes": {},
          "value": ["2.11.1"]
        },
        {
          "type": "list",
          "attributes": {
            "names": {
              "type": "character",
              "attributes": {},
              "value": ["file"]
            }
          },
          "value": [
            {
              "type": "character",
              "attributes": {},
              "value": ["htmlwidgets/lib/plotlyjs"]
            }
          ]
        },
        {
          "type": "NULL"
        },
        {
          "type": "NULL"
        },
        {
          "type": "character",
          "attributes": {},
          "value": ["plotly-htmlwidgets.css"]
        },
        {
          "type": "NULL"
        },
        {
          "type": "NULL"
        },
        {
          "type": "character",
          "attributes": {},
          "value": ["plotly"]
        },
        {
          "type": "logical",
          "attributes": {},
          "value": [false]
        }
      ]
    },
    {
      "type": "list",
      "attributes": {
        "names": {
          "type": "character",
          "attributes": {},
          "value": ["name", "version", "src", "meta", "script", "stylesheet", "head", "attachment", "package", "all_files"]
        },
        "class": {
          "type": "character",
          "attributes": {},
          "value": ["html_dependency"]
        }
      },
      "value": [
        {
          "type": "character",
          "attributes": {},
          "value": ["plotly-main"]
        },
        {
          "type": "character",
          "attributes": {},
          "value": ["2.11.1"]
        },
        {
          "type": "list",
          "attributes": {
            "names": {
              "type": "character",
              "attributes": {},
              "value": ["file"]
            }
          },
          "value": [
            {
              "type": "character",
              "attributes": {},
              "value": ["htmlwidgets/lib/plotlyjs"]
            }
          ]
        },
        {
          "type": "NULL"
        },
        {
          "type": "character",
          "attributes": {},
          "value": ["plotly-latest.min.js"]
        },
        {
          "type": "NULL"
        },
        {
          "type": "NULL"
        },
        {
          "type": "NULL"
        },
        {
          "type": "character",
          "attributes": {},
          "value": ["plotly"]
        },
        {
          "type": "logical",
          "attributes": {},
          "value": [false]
        }
      ]
    },
    {
      "type": "list",
      "attributes": {
        "names": {
          "type": "character",
          "attributes": {},
          "value": ["name", "version", "src", "meta", "script", "stylesheet", "head", "attachment", "package", "all_files"]
        },
        "class": {
          "type": "character",
          "attributes": {},
          "value": ["html_dependency"]
        }
      },
      "value": [
        {
          "type": "character",
          "attributes": {},
          "value": ["htmlwidgets"]
        },
        {
          "type": "character",
          "attributes": {},
          "value": ["1.6.4"]
        },
        {
          "type": "list",
          "attributes": {
            "names": {
              "type": "character",
              "attributes": {},
              "value": ["file"]
            }
          },
          "value": [
            {
              "type": "character",
              "attributes": {},
              "value": ["www"]
            }
          ]
        },
        {
          "type": "NULL"
        },
        {
          "type": "character",
          "attributes": {},
          "value": ["htmlwidgets.js"]
        },
        {
          "type": "NULL"
        },
        {
          "type": "NULL"
        },
        {
          "type": "NULL"
        },
        {
          "type": "character",
          "attributes": {},
          "value": ["htmlwidgets"]
        },
        {
          "type": "logical",
          "attributes": {},
          "value": [true]
        }
      ]
    },
    {
      "type": "list",
      "attributes": {
        "names": {
          "type": "character",
          "attributes": {},
          "value": ["name", "version", "src", "meta", "script", "stylesheet", "head", "attachment", "package", "all_files"]
        },
        "class": {
          "type": "character",
          "attributes": {},
          "value": ["html_dependency"]
        }
      },
      "value": [
        {
          "type": "character",
          "attributes": {},
          "value": ["plotly-binding"]
        },
        {
          "type": "character",
          "attributes": {},
          "value": ["4.10.4"]
        },
        {
          "type": "list",
          "attributes": {
            "names": {
              "type": "character",
              "attributes": {},
              "value": ["file"]
            }
          },
          "value": [
            {
              "type": "character",
              "attributes": {},
              "value": ["htmlwidgets"]
            }
          ]
        },
        {
          "type": "NULL"
        },
        {
          "type": "character",
          "attributes": {},
          "value": ["plotly.js"]
        },
        {
          "type": "NULL"
        },
        {
          "type": "NULL"
        },
        {
          "type": "NULL"
        },
        {
          "type": "character",
          "attributes": {},
          "value": ["plotly"]
        },
        {
          "type": "logical",
          "attributes": {},
          "value": [false]
        }
      ]
    },
    {
      "type": "list",
      "attributes": {
        "names": {
          "type": "character",
          "attributes": {},
          "value": ["name", "version", "src", "meta", "script", "stylesheet", "head", "attachment", "package", "all_files"]
        },
        "class": {
          "type": "character",
          "attributes": {},
          "value": ["html_dependency"]
        }
      },
      "value": [
        {
          "type": "character",
          "attributes": {},
          "value": ["typedarray"]
        },
        {
          "type": "character",
          "attributes": {},
          "value": ["0.1"]
        },
        {
          "type": "list",
          "attributes": {
            "names": {
              "type": "character",
              "attributes": {},
              "value": ["file"]
            }
          },
          "value": [
            {
              "type": "character",
              "attributes": {},
              "value": ["htmlwidgets/lib/typedarray"]
            }
          ]
        },
        {
          "type": "NULL"
        },
        {
          "type": "character",
          "attributes": {},
          "value": ["typedarray.min.js"]
        },
        {
          "type": "NULL"
        },
        {
          "type": "NULL"
        },
        {
          "type": "NULL"
        },
        {
          "type": "character",
          "attributes": {},
          "value": ["plotly"]
        },
        {
          "type": "logical",
          "attributes": {},
          "value": [false]
        }
      ]
    },
    {
      "type": "list",
      "attributes": {
        "names": {
          "type": "character",
          "attributes": {},
          "value": ["name", "version", "src", "meta", "script", "stylesheet", "head", "attachment", "package", "all_files"]
        },
        "class": {
          "type": "character",
          "attributes": {},
          "value": ["html_dependency"]
        }
      },
      "value": [
        {
          "type": "character",
          "attributes": {},
          "value": ["jquery"]
        },
        {
          "type": "character",
          "attributes": {},
          "value": ["3.5.1"]
        },
        {
          "type": "list",
          "attributes": {
            "names": {
              "type": "character",
              "attributes": {},
              "value": ["file"]
            }
          },
          "value": [
            {
              "type": "character",
              "attributes": {},
              "value": ["lib/jquery"]
            }
          ]
        },
        {
          "type": "NULL"
        },
        {
          "type": "character",
          "attributes": {},
          "value": ["jquery.min.js"]
        },
        {
          "type": "NULL"
        },
        {
          "type": "NULL"
        },
        {
          "type": "NULL"
        },
        {
          "type": "character",
          "attributes": {},
          "value": ["crosstalk"]
        },
        {
          "type": "logical",
          "attributes": {},
          "value": [true]
        }
      ]
    },
    {
      "type": "list",
      "attributes": {
        "names": {
          "type": "character",
          "attributes": {},
          "value": ["name", "version", "src", "meta", "script", "stylesheet", "head", "attachment", "package", "all_files"]
        },
        "class": {
          "type": "character",
          "attributes": {},
          "value": ["html_dependency"]
        }
      },
      "value": [
        {
          "type": "character",
          "attributes": {},
          "value": ["crosstalk"]
        },
        {
          "type": "character",
          "attributes": {},
          "value": ["1.2.1"]
        },
        {
          "type": "list",
          "attributes": {
            "names": {
              "type": "character",
              "attributes": {},
              "value": ["file"]
            }
          },
          "value": [
            {
              "type": "character",
              "attributes": {},
              "value": ["www"]
            }
          ]
        },
        {
          "type": "NULL"
        },
        {
          "type": "character",
          "attributes": {},
          "value": ["js/crosstalk.min.js"]
        },
        {
          "type": "character",
          "attributes": {},
          "value": ["css/crosstalk.min.css"]
        },
        {
          "type": "NULL"
        },
        {
          "type": "NULL"
        },
        {
          "type": "character",
          "attributes": {},
          "value": ["crosstalk"]
        },
        {
          "type": "logical",
          "attributes": {},
          "value": [true]
        }
      ]
    },
    {
      "type": "list",
      "attributes": {
        "names": {
          "type": "character",
          "attributes": {},
          "value": ["name", "version", "src", "meta", "script", "stylesheet", "head", "attachment", "package", "all_files"]
        },
        "class": {
          "type": "character",
          "attributes": {},
          "value": ["html_dependency"]
        }
      },
      "value": [
        {
          "type": "character",
          "attributes": {},
          "value": ["plotly-htmlwidgets-css"]
        },
        {
          "type": "character",
          "attributes": {},
          "value": ["2.11.1"]
        },
        {
          "type": "list",
          "attributes": {
            "names": {
              "type": "character",
              "attributes": {},
              "value": ["file"]
            }
          },
          "value": [
            {
              "type": "character",
              "attributes": {},
              "value": ["htmlwidgets/lib/plotlyjs"]
            }
          ]
        },
        {
          "type": "NULL"
        },
        {
          "type": "NULL"
        },
        {
          "type": "character",
          "attributes": {},
          "value": ["plotly-htmlwidgets.css"]
        },
        {
          "type": "NULL"
        },
        {
          "type": "NULL"
        },
        {
          "type": "character",
          "attributes": {},
          "value": ["plotly"]
        },
        {
          "type": "logical",
          "attributes": {},
          "value": [false]
        }
      ]
    },
    {
      "type": "list",
      "attributes": {
        "names": {
          "type": "character",
          "attributes": {},
          "value": ["name", "version", "src", "meta", "script", "stylesheet", "head", "attachment", "package", "all_files"]
        },
        "class": {
          "type": "character",
          "attributes": {},
          "value": ["html_dependency"]
        }
      },
      "value": [
        {
          "type": "character",
          "attributes": {},
          "value": ["plotly-main"]
        },
        {
          "type": "character",
          "attributes": {},
          "value": ["2.11.1"]
        },
        {
          "type": "list",
          "attributes": {
            "names": {
              "type": "character",
              "attributes": {},
              "value": ["file"]
            }
          },
          "value": [
            {
              "type": "character",
              "attributes": {},
              "value": ["htmlwidgets/lib/plotlyjs"]
            }
          ]
        },
        {
          "type": "NULL"
        },
        {
          "type": "character",
          "attributes": {},
          "value": ["plotly-latest.min.js"]
        },
        {
          "type": "NULL"
        },
        {
          "type": "NULL"
        },
        {
          "type": "NULL"
        },
        {
          "type": "character",
          "attributes": {},
          "value": ["plotly"]
        },
        {
          "type": "logical",
          "attributes": {},
          "value": [false]
        }
      ]
    },
    {
      "type": "list",
      "attributes": {
        "names": {
          "type": "character",
          "attributes": {},
          "value": ["name", "version", "src", "meta", "script", "stylesheet", "head", "attachment", "package", "all_files"]
        },
        "class": {
          "type": "character",
          "attributes": {},
          "value": ["html_dependency"]
        }
      },
      "value": [
        {
          "type": "character",
          "attributes": {},
          "value": ["htmlwidgets"]
        },
        {
          "type": "character",
          "attributes": {},
          "value": ["1.6.4"]
        },
        {
          "type": "list",
          "attributes": {
            "names": {
              "type": "character",
              "attributes": {},
              "value": ["file"]
            }
          },
          "value": [
            {
              "type": "character",
              "attributes": {},
              "value": ["www"]
            }
          ]
        },
        {
          "type": "NULL"
        },
        {
          "type": "character",
          "attributes": {},
          "value": ["htmlwidgets.js"]
        },
        {
          "type": "NULL"
        },
        {
          "type": "NULL"
        },
        {
          "type": "NULL"
        },
        {
          "type": "character",
          "attributes": {},
          "value": ["htmlwidgets"]
        },
        {
          "type": "logical",
          "attributes": {},
          "value": [true]
        }
      ]
    },
    {
      "type": "list",
      "attributes": {
        "names": {
          "type": "character",
          "attributes": {},
          "value": ["name", "version", "src", "meta", "script", "stylesheet", "head", "attachment", "package", "all_files"]
        },
        "class": {
          "type": "character",
          "attributes": {},
          "value": ["html_dependency"]
        }
      },
      "value": [
        {
          "type": "character",
          "attributes": {},
          "value": ["plotly-binding"]
        },
        {
          "type": "character",
          "attributes": {},
          "value": ["4.10.4"]
        },
        {
          "type": "list",
          "attributes": {
            "names": {
              "type": "character",
              "attributes": {},
              "value": ["file"]
            }
          },
          "value": [
            {
              "type": "character",
              "attributes": {},
              "value": ["htmlwidgets"]
            }
          ]
        },
        {
          "type": "NULL"
        },
        {
          "type": "character",
          "attributes": {},
          "value": ["plotly.js"]
        },
        {
          "type": "NULL"
        },
        {
          "type": "NULL"
        },
        {
          "type": "NULL"
        },
        {
          "type": "character",
          "attributes": {},
          "value": ["plotly"]
        },
        {
          "type": "logical",
          "attributes": {},
          "value": [false]
        }
      ]
    },
    {
      "type": "list",
      "attributes": {
        "names": {
          "type": "character",
          "attributes": {},
          "value": ["name", "version", "src", "meta", "script", "stylesheet", "head", "attachment", "package", "all_files"]
        },
        "class": {
          "type": "character",
          "attributes": {},
          "value": ["html_dependency"]
        }
      },
      "value": [
        {
          "type": "character",
          "attributes": {},
          "value": ["typedarray"]
        },
        {
          "type": "character",
          "attributes": {},
          "value": ["0.1"]
        },
        {
          "type": "list",
          "attributes": {
            "names": {
              "type": "character",
              "attributes": {},
              "value": ["file"]
            }
          },
          "value": [
            {
              "type": "character",
              "attributes": {},
              "value": ["htmlwidgets/lib/typedarray"]
            }
          ]
        },
        {
          "type": "NULL"
        },
        {
          "type": "character",
          "attributes": {},
          "value": ["typedarray.min.js"]
        },
        {
          "type": "NULL"
        },
        {
          "type": "NULL"
        },
        {
          "type": "NULL"
        },
        {
          "type": "character",
          "attributes": {},
          "value": ["plotly"]
        },
        {
          "type": "logical",
          "attributes": {},
          "value": [false]
        }
      ]
    },
    {
      "type": "list",
      "attributes": {
        "names": {
          "type": "character",
          "attributes": {},
          "value": ["name", "version", "src", "meta", "script", "stylesheet", "head", "attachment", "package", "all_files"]
        },
        "class": {
          "type": "character",
          "attributes": {},
          "value": ["html_dependency"]
        }
      },
      "value": [
        {
          "type": "character",
          "attributes": {},
          "value": ["jquery"]
        },
        {
          "type": "character",
          "attributes": {},
          "value": ["3.5.1"]
        },
        {
          "type": "list",
          "attributes": {
            "names": {
              "type": "character",
              "attributes": {},
              "value": ["file"]
            }
          },
          "value": [
            {
              "type": "character",
              "attributes": {},
              "value": ["lib/jquery"]
            }
          ]
        },
        {
          "type": "NULL"
        },
        {
          "type": "character",
          "attributes": {},
          "value": ["jquery.min.js"]
        },
        {
          "type": "NULL"
        },
        {
          "type": "NULL"
        },
        {
          "type": "NULL"
        },
        {
          "type": "character",
          "attributes": {},
          "value": ["crosstalk"]
        },
        {
          "type": "logical",
          "attributes": {},
          "value": [true]
        }
      ]
    },
    {
      "type": "list",
      "attributes": {
        "names": {
          "type": "character",
          "attributes": {},
          "value": ["name", "version", "src", "meta", "script", "stylesheet", "head", "attachment", "package", "all_files"]
        },
        "class": {
          "type": "character",
          "attributes": {},
          "value": ["html_dependency"]
        }
      },
      "value": [
        {
          "type": "character",
          "attributes": {},
          "value": ["crosstalk"]
        },
        {
          "type": "character",
          "attributes": {},
          "value": ["1.2.1"]
        },
        {
          "type": "list",
          "attributes": {
            "names": {
              "type": "character",
              "attributes": {},
              "value": ["file"]
            }
          },
          "value": [
            {
              "type": "character",
              "attributes": {},
              "value": ["www"]
            }
          ]
        },
        {
          "type": "NULL"
        },
        {
          "type": "character",
          "attributes": {},
          "value": ["js/crosstalk.min.js"]
        },
        {
          "type": "character",
          "attributes": {},
          "value": ["css/crosstalk.min.css"]
        },
        {
          "type": "NULL"
        },
        {
          "type": "NULL"
        },
        {
          "type": "character",
          "attributes": {},
          "value": ["crosstalk"]
        },
        {
          "type": "logical",
          "attributes": {},
          "value": [true]
        }
      ]
    },
    {
      "type": "list",
      "attributes": {
        "names": {
          "type": "character",
          "attributes": {},
          "value": ["name", "version", "src", "meta", "script", "stylesheet", "head", "attachment", "package", "all_files"]
        },
        "class": {
          "type": "character",
          "attributes": {},
          "value": ["html_dependency"]
        }
      },
      "value": [
        {
          "type": "character",
          "attributes": {},
          "value": ["plotly-htmlwidgets-css"]
        },
        {
          "type": "character",
          "attributes": {},
          "value": ["2.11.1"]
        },
        {
          "type": "list",
          "attributes": {
            "names": {
              "type": "character",
              "attributes": {},
              "value": ["file"]
            }
          },
          "value": [
            {
              "type": "character",
              "attributes": {},
              "value": ["htmlwidgets/lib/plotlyjs"]
            }
          ]
        },
        {
          "type": "NULL"
        },
        {
          "type": "NULL"
        },
        {
          "type": "character",
          "attributes": {},
          "value": ["plotly-htmlwidgets.css"]
        },
        {
          "type": "NULL"
        },
        {
          "type": "NULL"
        },
        {
          "type": "character",
          "attributes": {},
          "value": ["plotly"]
        },
        {
          "type": "logical",
          "attributes": {},
          "value": [false]
        }
      ]
    },
    {
      "type": "list",
      "attributes": {
        "names": {
          "type": "character",
          "attributes": {},
          "value": ["name", "version", "src", "meta", "script", "stylesheet", "head", "attachment", "package", "all_files"]
        },
        "class": {
          "type": "character",
          "attributes": {},
          "value": ["html_dependency"]
        }
      },
      "value": [
        {
          "type": "character",
          "attributes": {},
          "value": ["plotly-main"]
        },
        {
          "type": "character",
          "attributes": {},
          "value": ["2.11.1"]
        },
        {
          "type": "list",
          "attributes": {
            "names": {
              "type": "character",
              "attributes": {},
              "value": ["file"]
            }
          },
          "value": [
            {
              "type": "character",
              "attributes": {},
              "value": ["htmlwidgets/lib/plotlyjs"]
            }
          ]
        },
        {
          "type": "NULL"
        },
        {
          "type": "character",
          "attributes": {},
          "value": ["plotly-latest.min.js"]
        },
        {
          "type": "NULL"
        },
        {
          "type": "NULL"
        },
        {
          "type": "NULL"
        },
        {
          "type": "character",
          "attributes": {},
          "value": ["plotly"]
        },
        {
          "type": "logical",
          "attributes": {},
          "value": [false]
        }
      ]
    },
    {
      "type": "list",
      "attributes": {
        "names": {
          "type": "character",
          "attributes": {},
          "value": ["name", "version", "src", "meta", "script", "stylesheet", "head", "attachment", "package", "all_files"]
        },
        "class": {
          "type": "character",
          "attributes": {},
          "value": ["html_dependency"]
        }
      },
      "value": [
        {
          "type": "character",
          "attributes": {},
          "value": ["htmlwidgets"]
        },
        {
          "type": "character",
          "attributes": {},
          "value": ["1.6.4"]
        },
        {
          "type": "list",
          "attributes": {
            "names": {
              "type": "character",
              "attributes": {},
              "value": ["file"]
            }
          },
          "value": [
            {
              "type": "character",
              "attributes": {},
              "value": ["www"]
            }
          ]
        },
        {
          "type": "NULL"
        },
        {
          "type": "character",
          "attributes": {},
          "value": ["htmlwidgets.js"]
        },
        {
          "type": "NULL"
        },
        {
          "type": "NULL"
        },
        {
          "type": "NULL"
        },
        {
          "type": "character",
          "attributes": {},
          "value": ["htmlwidgets"]
        },
        {
          "type": "logical",
          "attributes": {},
          "value": [true]
        }
      ]
    },
    {
      "type": "list",
      "attributes": {
        "names": {
          "type": "character",
          "attributes": {},
          "value": ["name", "version", "src", "meta", "script", "stylesheet", "head", "attachment", "package", "all_files"]
        },
        "class": {
          "type": "character",
          "attributes": {},
          "value": ["html_dependency"]
        }
      },
      "value": [
        {
          "type": "character",
          "attributes": {},
          "value": ["plotly-binding"]
        },
        {
          "type": "character",
          "attributes": {},
          "value": ["4.10.4"]
        },
        {
          "type": "list",
          "attributes": {
            "names": {
              "type": "character",
              "attributes": {},
              "value": ["file"]
            }
          },
          "value": [
            {
              "type": "character",
              "attributes": {},
              "value": ["htmlwidgets"]
            }
          ]
        },
        {
          "type": "NULL"
        },
        {
          "type": "character",
          "attributes": {},
          "value": ["plotly.js"]
        },
        {
          "type": "NULL"
        },
        {
          "type": "NULL"
        },
        {
          "type": "NULL"
        },
        {
          "type": "character",
          "attributes": {},
          "value": ["plotly"]
        },
        {
          "type": "logical",
          "attributes": {},
          "value": [false]
        }
      ]
    },
    {
      "type": "list",
      "attributes": {
        "names": {
          "type": "character",
          "attributes": {},
          "value": ["name", "version", "src", "meta", "script", "stylesheet", "head", "attachment", "package", "all_files"]
        },
        "class": {
          "type": "character",
          "attributes": {},
          "value": ["html_dependency"]
        }
      },
      "value": [
        {
          "type": "character",
          "attributes": {},
          "value": ["typedarray"]
        },
        {
          "type": "character",
          "attributes": {},
          "value": ["0.1"]
        },
        {
          "type": "list",
          "attributes": {
            "names": {
              "type": "character",
              "attributes": {},
              "value": ["file"]
            }
          },
          "value": [
            {
              "type": "character",
              "attributes": {},
              "value": ["htmlwidgets/lib/typedarray"]
            }
          ]
        },
        {
          "type": "NULL"
        },
        {
          "type": "character",
          "attributes": {},
          "value": ["typedarray.min.js"]
        },
        {
          "type": "NULL"
        },
        {
          "type": "NULL"
        },
        {
          "type": "NULL"
        },
        {
          "type": "character",
          "attributes": {},
          "value": ["plotly"]
        },
        {
          "type": "logical",
          "attributes": {},
          "value": [false]
        }
      ]
    },
    {
      "type": "list",
      "attributes": {
        "names": {
          "type": "character",
          "attributes": {},
          "value": ["name", "version", "src", "meta", "script", "stylesheet", "head", "attachment", "package", "all_files"]
        },
        "class": {
          "type": "character",
          "attributes": {},
          "value": ["html_dependency"]
        }
      },
      "value": [
        {
          "type": "character",
          "attributes": {},
          "value": ["jquery"]
        },
        {
          "type": "character",
          "attributes": {},
          "value": ["3.5.1"]
        },
        {
          "type": "list",
          "attributes": {
            "names": {
              "type": "character",
              "attributes": {},
              "value": ["file"]
            }
          },
          "value": [
            {
              "type": "character",
              "attributes": {},
              "value": ["lib/jquery"]
            }
          ]
        },
        {
          "type": "NULL"
        },
        {
          "type": "character",
          "attributes": {},
          "value": ["jquery.min.js"]
        },
        {
          "type": "NULL"
        },
        {
          "type": "NULL"
        },
        {
          "type": "NULL"
        },
        {
          "type": "character",
          "attributes": {},
          "value": ["crosstalk"]
        },
        {
          "type": "logical",
          "attributes": {},
          "value": [true]
        }
      ]
    },
    {
      "type": "list",
      "attributes": {
        "names": {
          "type": "character",
          "attributes": {},
          "value": ["name", "version", "src", "meta", "script", "stylesheet", "head", "attachment", "package", "all_files"]
        },
        "class": {
          "type": "character",
          "attributes": {},
          "value": ["html_dependency"]
        }
      },
      "value": [
        {
          "type": "character",
          "attributes": {},
          "value": ["crosstalk"]
        },
        {
          "type": "character",
          "attributes": {},
          "value": ["1.2.1"]
        },
        {
          "type": "list",
          "attributes": {
            "names": {
              "type": "character",
              "attributes": {},
              "value": ["file"]
            }
          },
          "value": [
            {
              "type": "character",
              "attributes": {},
              "value": ["www"]
            }
          ]
        },
        {
          "type": "NULL"
        },
        {
          "type": "character",
          "attributes": {},
          "value": ["js/crosstalk.min.js"]
        },
        {
          "type": "character",
          "attributes": {},
          "value": ["css/crosstalk.min.css"]
        },
        {
          "type": "NULL"
        },
        {
          "type": "NULL"
        },
        {
          "type": "character",
          "attributes": {},
          "value": ["crosstalk"]
        },
        {
          "type": "logical",
          "attributes": {},
          "value": [true]
        }
      ]
    },
    {
      "type": "list",
      "attributes": {
        "names": {
          "type": "character",
          "attributes": {},
          "value": ["name", "version", "src", "meta", "script", "stylesheet", "head", "attachment", "package", "all_files"]
        },
        "class": {
          "type": "character",
          "attributes": {},
          "value": ["html_dependency"]
        }
      },
      "value": [
        {
          "type": "character",
          "attributes": {},
          "value": ["plotly-htmlwidgets-css"]
        },
        {
          "type": "character",
          "attributes": {},
          "value": ["2.11.1"]
        },
        {
          "type": "list",
          "attributes": {
            "names": {
              "type": "character",
              "attributes": {},
              "value": ["file"]
            }
          },
          "value": [
            {
              "type": "character",
              "attributes": {},
              "value": ["htmlwidgets/lib/plotlyjs"]
            }
          ]
        },
        {
          "type": "NULL"
        },
        {
          "type": "NULL"
        },
        {
          "type": "character",
          "attributes": {},
          "value": ["plotly-htmlwidgets.css"]
        },
        {
          "type": "NULL"
        },
        {
          "type": "NULL"
        },
        {
          "type": "character",
          "attributes": {},
          "value": ["plotly"]
        },
        {
          "type": "logical",
          "attributes": {},
          "value": [false]
        }
      ]
    },
    {
      "type": "list",
      "attributes": {
        "names": {
          "type": "character",
          "attributes": {},
          "value": ["name", "version", "src", "meta", "script", "stylesheet", "head", "attachment", "package", "all_files"]
        },
        "class": {
          "type": "character",
          "attributes": {},
          "value": ["html_dependency"]
        }
      },
      "value": [
        {
          "type": "character",
          "attributes": {},
          "value": ["plotly-main"]
        },
        {
          "type": "character",
          "attributes": {},
          "value": ["2.11.1"]
        },
        {
          "type": "list",
          "attributes": {
            "names": {
              "type": "character",
              "attributes": {},
              "value": ["file"]
            }
          },
          "value": [
            {
              "type": "character",
              "attributes": {},
              "value": ["htmlwidgets/lib/plotlyjs"]
            }
          ]
        },
        {
          "type": "NULL"
        },
        {
          "type": "character",
          "attributes": {},
          "value": ["plotly-latest.min.js"]
        },
        {
          "type": "NULL"
        },
        {
          "type": "NULL"
        },
        {
          "type": "NULL"
        },
        {
          "type": "character",
          "attributes": {},
          "value": ["plotly"]
        },
        {
          "type": "logical",
          "attributes": {},
          "value": [false]
        }
      ]
    },
    {
      "type": "list",
      "attributes": {
        "names": {
          "type": "character",
          "attributes": {},
          "value": ["name", "version", "src", "meta", "script", "stylesheet", "head", "attachment", "package", "all_files"]
        },
        "class": {
          "type": "character",
          "attributes": {},
          "value": ["html_dependency"]
        }
      },
      "value": [
        {
          "type": "character",
          "attributes": {},
          "value": ["rmarkdown-performance"]
        },
        {
          "type": "character",
          "attributes": {},
          "value": ["0.1"]
        },
        {
          "type": "list",
          "attributes": {
            "names": {
              "type": "character",
              "attributes": {},
              "value": ["file"]
            }
          },
          "value": [
            {
              "type": "character",
              "attributes": {},
              "value": ["C:/Users/kokit/AppData/Local/Temp/kokit/rmarkdown/010c20e5c0d8dc393d64612311b65eb1/rmd_010c20e5c0d8dc393d64612311b65eb1_files"]
            }
          ]
        },
        {
          "type": "NULL"
        },
        {
          "type": "character",
          "attributes": {},
          "value": ["rmd_perf.js"]
        },
        {
          "type": "character",
          "attributes": {},
          "value": ["rmd_perf.css"]
        },
        {
          "type": "NULL"
        },
        {
          "type": "NULL"
        },
        {
          "type": "NULL"
        },
        {
          "type": "logical",
          "attributes": {},
          "value": [true]
        }
      ]
    }
  ]
}
